{
  "easycom": {
    "^tn-(.*)": "@/tuniao-ui/components/tn-$1/tn-$1.vue"
  },
	"pages": [ //pages数组中第一项表示应用启动页，参考：https://uniapp.dcloud.io/collocation/pages
		{
		  "path": "pages/home/home",
		  "style": {
		    "mp-weixin": {
		      "disableScroll": true
		    },
		    "app-plus": {
		      "titleNView":false  //去掉app+h5顶部导航
		    }
		  }
		},
		{
			"path" : "pages/class/class",
			"style" : 
			{
				"navigationBarTitleText" : "人脸识别考勤系统"
			},
			"app-plus":
			{
				"titleNView":false  //去掉app+h5顶部导航
			}
		},
		{
			"path" : "pages/student/student",
			"style" : 
			{
				"navigationBarTitleText" : "班级学生信息",
				"enablePullDownRefresh" : false
			},
			"app-plus":
			{
				"titleNView":false  //去掉app+h5顶部导航
			}
		},
		{
			"path" : "pages/history/history",
			"style" : 
			{
				"navigationBarTitleText" : "考勤历史",
				"enablePullDownRefresh" : false
			},
			"app-plus":
			{
				"titleNView":false  //去掉app+h5顶部导航
			}
		},
		{
			"path" : "pages/mine/mine",
			"style" : 
			{
				"navigationBarTitleText" : "个人中心",
				"enablePullDownRefresh" : false
			}
		}
	],
  "subPackages": [{
    "root":"homePages",
    "pages": []
  }, {
    "root":"circlePages",
    "pages": [{
        "path": "circle",
        "style": {
          "navigationBarTitleText": "晒帖子",
          "enablePullDownRefresh": false
        }
      }]
  }, {
    "root":"discoveryPages",
    "pages": [{
        "path": "edit",
        "style": {
          "navigationBarTitleText": "发闲置",
          "enablePullDownRefresh": false
        }
      },
      {
        "path": "order",
        "style": {
          "navigationBarTitleText": "订单",
          "enablePullDownRefresh": false
        }
      },
      {
        "path": "partner",
        "style": {
          "navigationBarTitleText": "人脉",
          "enablePullDownRefresh": false
        }
      },
      {
        "path": "form",
        "style": {
          "navigationBarTitleText": "订单明细",
          "enablePullDownRefresh": false
        }
      } 
    ]
  }, {
    "root":"messagePages",
    "pages": [{
        "path": "chat",
        "style": {
          "navigationBarTitleText": "聊天",
          "enablePullDownRefresh": false
        }
      } 
    ]
  }, {
    "root":"minePages",
    "pages": [{
        "path": "set",
        "style": {
          "navigationBarTitleText": "设置",
          "enablePullDownRefresh": false
        }
      },
      {
        "path": "avatar",
        "style": {
          "navigationBarTitleText": "头像",
          "enablePullDownRefresh": false
        }
      },
      {
        "path": "integral",
        "style": {
          "navigationBarTitleText": "积分",
          "enablePullDownRefresh": false
        }
      },
      {
        "path": "about",
        "style": {
          "navigationBarTitleText": "关于",
          "enablePullDownRefresh": false
        }
      },
      {
        "path": "protocol",
        "style": {
          "navigationBarTitleText": "协议",
          "enablePullDownRefresh": false
        }
      },
      {
        "path": "withdraw",
        "style": {
          "navigationBarTitleText": "提现",
          "enablePullDownRefresh": false
        }
      } 
    ]
  }],
	"globalStyle": {
	  "navigationStyle": "custom",
	  "navigationBarTextStyle": "black",
	  "navigationBarTitleText": "demo",
	  "navigationBarBackgroundColor": "#F8F8F8",
	  "backgroundColor": "#F8F8F8"
	}
}
